step,loss
20,2.3888
40,2.5748
60,2.5014
80,2.3082
100,2.2712
120,2.0189
140,2.415
160,2.3549
180,2.1585
200,2.3578
220,2.1529
240,2.2245
260,2.0576
280,2.123
300,2.1588
320,2.0487
340,2.1704
360,2.0694
380,2.0331
400,2.3127
420,1.9443
440,2.0741
460,2.0167
480,1.963
500,1.9657
520,2.1066
540,1.9584
560,2.1153
580,2.0255
600,2.0157
620,2.1673
640,2.0306
660,2.1062
680,2.2241
700,1.9956
720,2.1788
740,2.0588
760,1.9864
780,1.9128
800,2.0
820,1.97
840,2.1881
860,2.0292
880,2.1069
900,1.8907
920,2.1717
940,2.0076
960,2.0838
980,2.0928
1000,2.1104
1020,2.0168
1040,1.9126
1060,1.9457
1080,2.1087
1100,2.0686
1120,2.236
1140,1.9229
1160,1.976
1180,2.0493
1200,2.082
1220,2.1366
1240,1.9791
1260,2.0163
1280,2.0264
1300,1.9614
1320,1.8804
1340,1.9677
1360,2.0858
1380,1.794
1400,2.0186
1420,2.2919
1440,1.9719
1460,2.0393
1480,2.152
1500,1.8105
1520,1.692
1540,1.898
1560,2.1095
1580,1.9174
1600,2.0766
1620,1.8357
1640,2.1087
1660,1.9778
1680,1.8644
1700,2.1115
1720,1.7484
1740,2.1736
1760,1.9476
1780,1.9154
1800,2.09
1820,1.9315
1840,2.0067
1860,1.8349
1880,2.0558
1900,2.0537
1920,2.0881
1940,2.0246
1960,2.0677
1980,1.9975
2000,1.8314
2020,1.9323
2040,1.7775
2060,1.8468
2080,1.8516
2100,1.8126
2120,1.9819
2140,1.9844
2160,1.9755
2180,1.8164
2200,1.7489
2220,1.8373
2240,1.7803
2260,1.8936
2280,2.0126
2300,2.0147
2320,1.8858
2340,1.897
2360,2.1036
2380,2.0726
2400,1.975
2420,1.9437
2440,1.9195
2460,1.8002
2480,2.1239
2500,1.9381
2520,2.0852
2540,1.9763
2560,1.9406
2580,1.9399
2600,1.9506
2620,1.9977
2640,1.9491
2660,1.9446
2680,1.8764
2700,2.0111
2720,1.8857
2740,1.5827
2760,2.0845
2780,1.7851
2800,1.7131
2820,1.8601
2840,1.9356
2860,1.9276
2880,1.85
2900,1.9769
2920,1.8229
2940,1.8035
2960,1.7827
2980,2.135
3000,1.9545
3020,1.9144
3040,1.9321
3060,1.9066
3080,1.8652
3100,1.7316
3120,1.8808
3140,1.7677
3160,1.9106
3180,2.0769
3200,1.8469
3220,1.9757
3240,2.014
3260,1.841
3280,1.8153
3300,1.9668
3320,1.8947
3340,1.8825
3360,1.9383
3380,1.8075
3400,1.7919
3420,1.886
3440,2.0788
3460,1.5934
3480,2.0509
3500,1.7919
3520,2.0795
3540,1.7615
3560,1.8527
3580,1.7937
3600,1.7927
3620,1.9675
3640,1.8991
3660,1.9119
3680,1.757
3700,1.8782
3720,1.7762
3740,1.7908
3760,1.8014
3780,1.734
3800,1.9576
3820,2.0215
3840,2.0514
3860,1.9187
3880,1.8073
3900,1.9339
3920,2.0551
3940,1.7365
3960,1.8249
3980,2.0556
4000,1.8859
4020,1.8581
4040,1.8267
4060,1.8952
4080,1.8072
4100,1.8647
4120,1.9805
4140,1.9589
4160,1.745
4180,1.7544
4200,1.9076
4220,1.9633
4240,1.8656
4260,1.8491
4280,1.7627
4300,1.8413
4320,1.9766
4340,1.9047
4360,2.0316
4380,1.7044
4400,1.7322
4420,1.965
4440,1.9487
4460,1.8392
4480,2.0015
4500,1.9259
4520,1.8927
4540,1.7594
4560,1.854
4580,1.7514
4600,2.0041
4620,2.0171
4640,1.9432
4660,2.0246
4680,2.0588
4700,2.0144
4720,1.7383
4740,1.7933
4760,1.8117
4780,1.6393
4800,1.8049
4820,1.809
4840,1.9019
4860,1.9447
4880,1.8527
4900,1.9612
4920,1.8722
4940,1.9292
4960,1.9012
4980,1.9508
5000,1.8877
5020,1.9436
5040,1.9642
5060,1.7867
5080,1.9583
5100,1.8357
5120,1.9297
5140,1.8984
5160,1.8333
5180,1.7829
5200,1.7992
5220,1.9217
5240,1.8581
5260,1.8046
5280,1.6645
5300,1.8795
5320,1.7282
5340,1.6531
5360,1.8375
5380,1.8919
5400,1.8213
5420,1.8415
5440,1.9234
5460,1.6919
5480,1.9247
5500,1.8491
5520,1.9055
5540,2.0332
5560,1.8062
5580,1.9876
5600,1.9502
5620,1.9073
5640,1.7945
5660,1.9504
5680,1.6092
5700,1.9135
5720,1.7043
5740,1.9267
5760,1.6886
5780,1.7961
5800,1.8645
5820,1.9237
5840,1.8389
5860,1.9295
5880,1.8367
5900,1.9339
5920,1.956
5940,1.951
5960,1.9621
5980,1.7876
6000,1.8317
6020,1.7267
6040,1.9708
6060,1.7155
6080,1.8219
6100,1.7912
6120,1.7826
6140,1.9143
6160,1.8248
6180,1.9085
6200,1.785
6220,1.9543
6240,1.8074
6260,1.9448
6280,1.8366
6300,1.864
6320,1.7191
6340,1.7636
6360,1.9097
6380,1.727
6400,1.8989
6420,2.0674
6440,1.9554
6460,1.8902
6480,1.6461
6500,1.8369
6520,1.9439
6540,1.7807
6560,1.9049
6580,1.9175
6600,1.9803
6620,1.8848
6640,1.713
6660,1.8726
6680,1.8069
6700,2.0298
6720,1.8337
6740,1.8894
6760,1.642
6780,1.6766
6800,1.9881
6820,1.87
6840,1.9791
6860,1.9065
6880,1.8943
6900,1.9398
6920,1.8361
6940,1.9154
6960,1.8225
6980,1.7972
7000,1.8603
7020,1.864
7040,1.7535
7060,1.871
7080,1.7532
7100,1.9046
7120,1.9451
7140,1.7787
7160,2.0163
7180,1.9678
7200,1.6885
7220,1.8453
7240,1.795
7260,1.8957
7280,1.872
7300,1.8781
7320,1.8873
7340,1.8298
7360,1.9889
7380,1.8952
7400,1.9253
7420,1.8198
7440,1.7273
7460,1.8992
7480,1.8276
7500,1.6774
7520,1.8334
7540,1.7113
7560,1.854
7580,1.7327
7600,1.9473
7620,1.8073
7640,1.8605
7660,1.7337
7680,1.8506
7700,1.9005
7720,1.7175
7740,1.9487
7760,1.745
7780,1.9347
7800,1.8797
7820,1.7411
7840,1.8368
7860,1.9753
7880,1.9962
7900,1.8378
7920,1.9878
7940,1.7641
7960,1.8099
7980,1.7921
8000,1.7965
8020,1.8704
8040,1.7252
8060,1.7774
8080,1.709
8100,1.6668
8120,1.8198
8140,1.7486
8160,1.7941
8180,1.828
8200,1.721
8220,1.7696
8240,1.9267
8260,1.8286
8280,1.9071
8300,1.5077
8320,1.9057
8340,2.0363
8360,1.7993
8380,1.722
8400,1.8648
8420,1.8901
8440,1.8673
8460,1.9024
8480,1.6645
8500,1.9016
8520,1.8119
8540,1.6808
8560,1.8749
8580,1.7643
8600,1.9369
8620,1.7589
8640,1.789
8660,1.6835
8680,1.8092
8700,1.8036
8720,1.8601
8740,1.9423
8760,1.8657
8780,1.8124
8800,1.8607
8820,1.8923
8840,1.9394
8860,1.8689
8880,1.8617
8900,1.7796
8920,1.7408
8940,1.8866
8960,1.9469
8980,1.6866
9000,1.867
9020,1.7066
9040,1.962
9060,1.8113
9080,1.8262
9100,1.9177
9120,1.8693
9140,1.7815
9160,1.7961
9180,1.7779
9200,1.7666
9220,1.9982
9240,1.7446
9260,1.9348
9280,1.8827
9300,1.8663
9320,1.7976
9340,1.888
9360,1.6519
9380,1.51
9400,1.9402
9420,1.8137
9440,1.8537
9460,1.7329
9480,1.977
9500,1.9454
9520,1.8658
9540,1.7823
9560,1.6862
9580,1.7161
9600,1.9246
9620,2.0012
9640,1.7958
9660,1.7206
9680,2.0137
9700,1.7441
9720,1.8706
9740,1.8035
9760,1.7965
9780,1.638
9800,1.8435
9820,1.6496
9840,1.9338
9860,2.1813
9880,1.955
9900,1.7892
9920,1.932
9940,1.6597
9960,1.8798
9980,1.6913
10000,1.8791
10020,1.9613
10040,1.6444
10060,1.8855
10080,1.6126
10100,1.8094
10120,1.9267
10140,2.0138
10160,1.6833
10180,1.8086
10200,1.8352
10220,1.8395
10240,1.7421
10260,1.9012
10280,1.8339
10300,1.7263
10320,1.8525
10340,1.5799
10360,1.8987
10380,1.6901
10400,1.9672
10420,1.8691
10440,2.1178
10460,1.6311
10480,1.8361
10500,1.9654
10520,1.7959
10540,1.7076
10560,1.813
10580,1.6925
10600,1.8319
10620,1.7396
10640,1.774
10660,1.7357
10680,1.8634
10700,1.7644
10720,1.757
10740,1.8849
10760,1.9534
10780,1.7322
10800,1.7645
10820,1.6936
10840,1.7296
10860,1.775
10880,1.7419
10900,1.9099
10920,1.8059
10940,1.7735
10960,1.7178
10980,1.6043
11000,1.7956
11020,1.9075
11040,1.8601
11060,1.8885
11080,1.8359
11100,1.8448
11120,1.819
11140,1.8216
11160,1.9046
11180,1.7664
11200,1.7371
11220,1.7665
11240,1.9287
11260,1.8269
11280,1.8149
11300,1.7795
11320,1.7909
11340,1.7782
11360,1.8989
11380,1.9715
11400,1.8183
11420,1.8956
11440,1.7907
11460,1.8706
11480,1.7679
11500,1.9703
11520,1.8284
11540,1.7706
11560,1.98
11580,1.7349
11600,1.498
11620,1.8877
11640,1.8807
11660,1.8074
11680,1.833
11700,1.8939
11720,1.7115
11740,1.8235
11760,1.9814
11780,1.9236
11800,1.7815
11820,1.8768
11840,1.6372
11860,1.8491
11880,1.9774
11900,1.9625
11920,1.7095
11940,1.7628
11960,1.8906
11980,1.768
12000,1.6819
12020,1.9575
12040,1.9878
12060,1.7286
12080,1.6623
12100,1.9988
12120,1.84
12140,1.7729
12160,1.825
12180,1.848
12200,1.788
12220,1.6053
12240,1.5097
12260,1.844
12280,1.7812
12300,1.7633
12320,1.7194
12340,1.6717
12360,1.8917
12380,1.8506
12400,1.787
12420,1.6739
12440,1.8028
12460,1.7717
12480,1.9383
12500,1.8017
12520,1.9354
12540,1.9607
12560,1.8246
12580,1.9885
12600,1.962
12620,1.9175
12640,1.7598
12660,1.9277
12680,1.9389
12700,1.8545
12720,1.8312
12740,1.6629
12760,1.8039
12780,1.8853
12800,1.7829
12820,1.809
12840,1.7858
12860,1.7653
12880,1.8083
12900,1.7744
12920,1.6838
12940,1.8209
12960,1.8472
12980,1.737
13000,1.8408
13020,1.957
13040,1.8758
13060,1.8714
13080,1.6262
13100,1.6964
13120,1.658
13140,1.8093
13160,1.8578
13180,1.7489
13200,1.8999
13220,2.1472
13240,1.8516
13260,1.7753
13280,1.8809
13300,1.9181
13320,1.8975
13340,1.7591
13360,1.8695
13380,1.7563
13400,1.9031
13420,1.7828
13440,1.9027
13460,1.7955
13480,2.033
13500,1.7525
13520,1.8379
13540,1.8386
13560,1.9444
13580,1.8095
13600,1.8139
13620,1.8104
13640,1.7476
13660,1.9347
13680,1.9181
13700,1.8152
13720,1.8217
13740,1.8042
13760,1.7347
13780,1.6168
13800,1.9615
13820,1.706
13840,1.8875
13860,1.6333
13880,1.7189
13900,2.0043
13920,1.7528
13940,1.6152
13960,1.8798
13980,1.9096
14000,1.7073
14020,1.7946
14040,1.8288
14060,1.8944
14080,1.794
14100,2.0029
14120,1.823
14140,2.0126
14160,1.8003
14180,1.9977
14200,1.8097
14220,1.8105
14240,1.8196
14260,1.7866
14280,1.8971
14300,1.8097
14320,1.9102
14340,1.8384
14360,1.8094
14380,1.5408
14400,1.9378
14420,1.8474
14440,1.7295
14460,1.9806
14480,1.8132
14500,1.6126
14520,1.8374
14540,1.7845
14560,1.9319
14580,1.8625
14600,2.0632
14620,1.9376
14640,1.7487
14660,1.7689
14680,1.7763
14700,1.8712
14720,1.6443
14740,1.7141
14760,1.7159
14780,1.8592
14800,1.8278
14820,1.7501
14840,1.8563
14860,1.8151
14880,1.9373
14900,1.8545
14920,1.9475
14940,1.6451
14960,1.8964
14980,1.7104
15000,1.6546
15020,1.7416
15040,1.8972
15060,1.7834
15080,1.6525
15100,1.8228
15120,1.7801
15140,1.7283
15160,1.9684
15180,1.8723
15200,1.8085
15220,1.7312
15240,1.8098
15260,1.8001
15280,1.7845
15300,1.6611
15320,1.7713
15340,1.7593
15360,1.8433
15380,1.8643
15400,1.8512
15420,1.7263
15440,1.754
15460,1.9562
15480,1.9566
15500,1.7268
15520,1.8317
15540,1.6227
15560,1.7357
15580,1.854
15600,1.7587
15620,1.7899
15640,1.7155
15660,1.8036
15680,1.9947
15700,1.8448
15720,1.7636
15740,1.968
15760,1.669
15780,1.6627
15800,1.8767
15820,1.7397
15840,1.548
15860,1.9084
15880,2.0081
15900,1.7159
15920,1.7854
15940,1.8411
15960,1.4162
15980,1.7173
16000,1.8462
16020,1.7531
16040,1.8104
16060,1.6473
16080,1.8751
16100,1.562
16120,1.9351
16140,1.889
16160,1.9626
16180,1.7667
16200,1.578
16220,1.8139
16240,1.5574
16260,1.7937
16280,1.7404
16300,1.9389
16320,1.8439
16340,1.7936
16360,2.0051
16380,1.8413
16400,1.7087
16420,1.7927
16440,1.6958
16460,1.743
16480,1.5636
16500,1.7563
16520,1.8674
16540,1.6182
16560,1.6976
16580,1.727
16600,1.7981
16620,1.8168
16640,1.7009
16660,1.8293
16680,1.6276
16700,1.8312
16720,1.8114
16740,1.756
16760,1.8776
16780,1.7559
16800,1.924
16820,1.7078
16840,1.93
16860,2.0104
16880,1.7319
16900,1.7741
16920,1.7183
16940,1.8383
16960,1.8523
16980,1.7594
17000,1.6444
17020,1.523
17040,1.8424
17060,1.9713
17080,1.6133
17100,1.8361
17120,1.7331
17140,1.7745
17160,1.683
17180,1.8175
17200,1.8205
17220,1.697
17240,2.0
17260,1.8407
17280,1.9094
17300,1.6865
17320,1.8657
17340,1.7467
17360,1.9042
17380,1.8848
17400,1.6174
17420,1.9823
17440,1.9032
17460,1.8128
17480,1.7923
17500,1.8416
17520,1.8718
17540,1.5764
17560,1.874
17580,1.8535
17600,1.7792
17620,1.6375
17640,1.8592
17660,2.0118
17680,1.7991
17700,1.7059
17720,1.8272
17740,1.6856
17760,1.8462
17780,1.7099
17800,1.8469
17820,1.6903
17840,1.8214
17860,1.6708
17880,1.8672
17900,1.7604
17920,1.8641
17940,1.7807
17960,1.6231
17980,1.9456
18000,1.729
18020,1.8897
18040,1.6357
18060,2.015
18080,1.7017
18100,1.9437
18120,1.5541
18140,1.6894
18160,2.0553
18180,1.6706
18200,1.8377
18220,1.8082
18240,1.8706
18260,1.7215
18280,1.8896
18300,1.7783
18320,1.66
18340,2.0342
18360,1.8755
18380,1.6131
18400,1.6507
18420,1.9472
18440,1.8408
18460,1.8639
18480,1.643
18500,1.8226
18520,1.6698
18540,1.7963
18560,1.8472
18580,1.8119
18600,1.8037
18620,1.714
18640,1.7846
18660,1.7094
18680,1.7246
18700,1.6609
18720,1.8738
18740,1.9147
18760,1.7495
18780,1.7257
18800,1.8838
18820,1.6799
18840,1.7983
18860,1.6326
18880,1.6222
18900,1.8398
18920,1.9214
18940,1.7129
18960,1.7582
18980,1.7572
19000,1.631
19020,1.9212
19040,1.7549
19060,1.7727
19080,1.9301
19100,1.8453
19120,1.6576
19140,1.765
19160,1.7619
19180,1.735
19200,1.706
19220,1.7921
19240,1.7002
19260,1.6864
19280,1.8381
19300,1.8398
19320,1.8563
19340,2.0139
19360,1.8381
19380,1.5087
19400,1.9736
19420,1.6891
19440,1.769
19460,1.8132
19480,1.8276
19500,1.5205
19520,1.7014
19540,1.8068
19560,1.7574
19580,1.7117
19600,1.7856
19620,1.8922
19640,1.8739
19660,1.8599
19680,1.6047
19700,1.9381
19720,1.8051
19740,1.967
19760,1.9138
19780,1.9629
19800,1.6535
19820,1.6803
19840,1.6374
19860,1.8104
19880,1.6267
19900,1.7231
19920,1.7285
19940,1.7436
19960,1.8574
19980,1.7552
20000,1.7536
20020,1.8871
20040,1.7436
20060,1.954
20080,1.5985
20100,1.8274
20120,1.767
20140,1.7732
20160,1.6409
20180,1.6253
20200,1.8916
20220,1.6283
20240,1.9292
20260,1.8371
20280,1.8204
20300,1.9593
20320,1.564
20340,1.9788
20360,1.8699
20380,1.7328
20400,1.6954
20420,1.7557
20440,1.7394
20460,1.7121
20480,1.8389
20500,1.5477
20520,1.7418
20540,1.8318
20560,1.8993
20580,1.551
20600,1.8497
20620,1.9201
20640,1.5492
20660,1.7296
20680,1.6776
20700,1.6882
20720,1.8989
20740,1.5096
20760,1.6558
20780,1.6647
20800,1.5596
20820,1.8708
20840,1.8161
20860,1.9328
20880,1.7379
20900,1.7971
20920,1.7088
20940,1.7457
20960,1.718
20980,1.6366
21000,2.206
21020,1.9334
21040,1.885
21060,1.9597
21080,1.6216
21100,1.894
21120,1.7359
21140,1.7699
21160,1.7451
21180,1.9354
21200,1.661
21220,1.8245
21240,1.8108
21260,1.8038
21280,1.7294
21300,1.8489
21320,1.6917
21340,1.768
21360,1.7286
21380,1.7412
21400,1.8478
21420,1.7385
21440,1.6533
21460,1.7985
21480,1.7632
21500,1.8394
21520,2.022
21540,1.7282
21560,1.9402
21580,1.7491
21600,1.8071
21620,1.7803
21640,1.8878
21660,1.8406
21680,1.5102
21700,1.7652
21720,1.7431
21740,1.6603
21760,1.7942
21780,1.7598
21800,1.8088
21820,1.7593
21840,1.9694
21860,2.0608
21880,1.7048
21900,1.6117
21920,1.8866
21940,1.5376
21960,1.7136
21980,1.6216
22000,1.7619
22020,1.8521
22040,1.8303
22060,1.7095
22080,1.6891
22100,1.5902
22120,1.8
22140,1.6026
22160,1.6743
22180,1.7609
22200,1.8734
22220,1.8373
22240,1.6652
22260,1.7294
22280,1.9498
22300,1.6349
22320,1.9753
22340,1.6654
22360,1.7573
22380,1.8636
22400,1.701
22420,1.5789
22440,1.8533
22460,1.7969
22480,1.8151
22500,1.5948
22520,1.694
22540,1.7277
22560,1.9849
22580,1.7879
22600,1.9197
22620,1.8042
22640,1.9498
22660,1.8215
22680,1.7048
22700,1.8211
22720,1.7782
22740,1.6151
22760,1.8217
22780,1.7202
22800,1.7556
22820,1.6695
22840,1.6934
22860,1.9083
22880,1.8346
22900,1.7404
22920,1.7479
22940,1.8155
22960,1.532
22980,1.8158
23000,1.7826
23020,1.6933
23040,1.8123
23060,1.7747
23080,1.7324
23100,1.8371
23120,1.5844
23140,1.6454
23160,1.6001
23180,1.8195
23200,1.8033
23220,1.8123
23240,1.8466
23260,1.7605
23280,1.8657
23300,1.6992
23320,1.7303
23340,1.7285
23360,1.7074
23380,1.7362
23400,1.5498
23420,1.7267
23440,1.6529
23460,1.8436
23480,1.705
23500,1.8928
23520,1.701
23540,1.8213
23560,1.7334
23580,1.6692
23600,1.8238
23620,1.9102
23640,1.8084
23660,1.965
23680,1.7787
23700,1.9291
23720,1.786
23740,1.9437
23760,1.7668
23780,1.7881
23800,1.9127
23820,1.7188
23840,1.7545
23860,1.8117
23880,1.4973
23900,1.5616
23920,1.846
23940,1.6824
23960,1.9294
23980,1.7097
24000,1.8294
24020,1.7838
24040,1.6382
24060,1.6519
24080,1.6781
24100,2.1488
24120,1.6548
24140,1.8241
24160,1.977
24180,1.8548
24200,1.6486
24220,1.6789
24240,1.6914
24260,1.8845
24280,1.7115
24300,1.9231
24320,1.81
24340,1.818
24360,1.8505
24380,1.8373
24400,1.7564
24420,1.7808
24440,1.8167
24460,1.7988
24480,1.883
24500,1.9297
24520,1.9689
24540,1.8901
24560,1.7595
24580,1.6791
24600,1.7918
24620,1.7561
24640,1.9361
24660,1.8991
24680,1.8393
24700,1.684
24720,1.8286
24740,1.6969
24760,1.8352
24780,1.9584
24800,1.7018
24820,1.6509
24840,1.6376
24860,1.8367
24880,1.7682
24900,1.8702
24920,1.6309
24940,1.7301
24960,1.834
24980,1.8286
25000,1.7708
25020,1.86
25040,1.7666
25060,1.6856
25080,1.7829
25100,1.8185
25120,1.9014
25140,1.481
25160,1.9904
25180,1.6969
25200,1.6162
25220,1.6736
25240,2.0184
25260,1.7715
25280,1.7638
25300,1.848
25320,1.9263
25340,1.7593
25360,1.8772
25380,1.6802
25400,1.7136
25420,1.7829
25440,1.7734
25460,1.9075
25480,1.7166
25500,1.8954
25520,1.9829
25540,1.8329
25560,1.4369
25580,1.7119
25600,1.8754
25620,1.6793
25640,1.6726
25660,1.5979
25680,1.9143
25700,1.7834
25720,1.6143
25740,1.5443
25760,1.663
25780,1.8078
25800,1.7457
25820,1.6839
25840,1.7043
25860,1.6751
25880,1.8006
25900,1.8747
25920,1.7253
25940,1.7803
25960,1.5096
25980,1.694
26000,1.8805
26020,1.7955
26040,1.4771
26060,1.7016
26080,1.6678
26100,1.8084
26120,1.8599
26140,1.5905
26160,1.6579
26180,1.6883
26200,1.8685
26220,1.7769
26240,1.6381
26260,1.7098
26280,1.8196
26300,1.7134
26320,1.7906
26340,1.8575
26360,1.785
26380,2.0343
26400,1.561
26420,1.7048
26440,1.808
26460,1.6891
26480,1.805
26500,1.7162
26520,1.7618
26540,1.774
26560,1.8036
26580,1.7414
26600,1.8543
26620,1.7331
26640,1.756
26660,1.6143
26680,1.7489
26700,1.7887
26720,1.7916
26740,1.8129
26760,1.6407
26780,1.7223
26800,1.6961
26820,1.638
26840,1.8005
26860,1.9361
26880,1.7323
26900,1.7699
26920,1.5769
26940,1.6106
26960,1.5044
26980,1.8635
27000,1.735
27020,1.6626
27040,1.7828
27060,1.8133
27080,1.7878
27100,1.6192
27120,1.8226
27140,1.8179
27160,1.5667
27180,1.7091
27200,1.8941
27220,1.6119
27240,1.752
27260,1.7339
27280,1.7349
27300,1.6003
27320,1.5585
27340,1.4788
27360,1.5848
27380,1.9304
27400,1.6456
27420,1.6999
27440,1.9418
27460,1.7922
27480,1.8495
27500,1.9011
27520,1.6846
27540,1.7429
27560,1.731
27580,1.8208
27600,1.6278
27620,1.8314
27640,1.8138
27660,1.9541
27680,1.9952
27700,1.8388
27720,1.7463
27740,1.9292
27760,1.858
27780,1.6108
27800,1.7655
27820,1.8914
27840,1.752
27860,1.8809
27880,1.6774
27900,1.6812
27920,1.8851
27940,1.8047
27960,1.7638
27980,1.9881
28000,1.741
28020,1.8315
28040,2.0541
28060,1.6871
28080,1.785
28100,1.5392
28120,1.7171
28140,1.6146
28160,1.7685
28180,2.0143
28200,1.7623
28220,1.8425
28240,1.8487
28260,1.6469
28280,1.919
28300,1.7693
28320,1.8816
28340,1.7262
28360,1.8442
28380,1.9192
28400,1.7061
28420,1.7851
28440,1.5862
28460,1.8102
28480,1.7477
28500,1.808
28520,1.7574
28540,1.79
28560,1.8832
28580,1.7759
28600,1.7717
28620,1.8971
28640,1.907
28660,1.9841
28680,1.8228
28700,1.7538
28720,1.5627
28740,1.6222
28760,1.9716
28780,1.9176
28800,1.7224
28820,1.5975
28840,1.4707
28860,1.5626
28880,1.7998
28900,1.6655
28920,1.8622
28940,1.5938
28960,1.6866
28980,1.6659
29000,1.7654
29020,1.8192
29040,1.8382
29060,1.749
29080,2.0121
29100,1.825
29120,1.6262
29140,1.6503
29160,1.7211
29180,1.7432
29200,1.7923
29220,1.6092
29240,1.712
29260,1.7022
29280,1.8254
29300,1.7838
29320,1.8147
29340,1.8482
29360,1.8594
29380,1.77
29400,1.7551
29420,1.8019
29440,1.7676
29460,1.7525
29480,1.7786
29500,1.6792
29520,1.867
29540,1.75
29560,1.8815
29580,1.7378
29600,1.7498
29620,1.6696
29640,1.7985
29660,1.7303
29680,1.8202
29700,1.7255
29720,1.5236
29740,1.8692
29760,1.6812
29780,1.8559
29800,1.6314
29820,1.8297
29840,1.524
29860,1.7627
29880,1.7458
29900,1.8427
29920,1.7562
29940,1.715
29960,1.677
29980,1.8269
30000,1.7962
30020,1.7105
30040,1.8488
30060,1.8279
30080,1.8702
30100,1.6526
30120,1.7775
30140,1.8041
30160,1.6988
30180,1.6481
30200,1.7274
30220,1.7763
30240,1.6389
30260,1.6934
30280,1.7262
30300,1.7597
30320,1.4803
30340,1.7035
30360,1.9433
30380,1.8196
30400,1.777
30420,1.8675
30440,1.7298
30460,1.7571
30480,1.6112
30500,1.5724
30520,1.878
30540,1.9724
30560,1.7835
30580,1.6087
30600,1.5397
30620,1.6365
30640,1.6308
30660,1.8074
30680,1.9106
30700,1.8328
30720,1.6492
30740,1.7113
30760,1.6617
30780,1.65
30800,1.493
30820,1.7814
30840,1.654
30860,1.5576
30880,1.7447
30900,1.7995
30920,1.6478
30940,1.7736
30960,1.6558
30980,1.8134
31000,1.8069
31020,1.6018
31040,1.8635
31060,1.8129
31080,1.6609
31100,1.7577
31120,1.6427
31140,1.8385
31160,1.4836
31180,1.8307
31200,1.8042
31220,1.7678
31240,1.657
31260,1.7078
31280,1.6896
31300,1.8127
31320,1.6909
31340,1.6923
31360,1.7678
31380,1.735
31400,1.7539
31420,1.8453
31440,1.7209
31460,1.7009
31480,1.9633
31500,1.9093
31520,1.8131
31540,1.7635
31560,1.7682
31580,1.7529
31600,1.7912
31620,1.5864
31640,1.8424
31660,1.7501
31680,1.7836
31700,1.5809
31720,1.7833
31740,1.7319
31760,1.8145
31780,1.6366
31800,1.6334
31820,1.7656
31840,1.8532
31860,1.9069
31880,1.9121
31900,1.836
31920,1.7332
31940,1.6822
31960,1.8323
31980,1.731
32000,1.8032
32020,1.5449
32040,1.9121
32060,1.7495
32080,1.6862
32100,1.6147
32120,1.3738
32140,1.4817
32160,1.7963
32180,1.6098
32200,1.7796
32220,1.8323
32240,1.5964
32260,1.6146
32280,1.6181
32300,1.8662
32320,1.3777
32340,1.9324
32360,1.5129
32380,1.6708
32400,1.7844
32420,1.7265
32440,2.0027
32460,1.8932
32480,1.5557
32500,1.712
32520,1.694
32540,1.8018
32560,1.626
32580,1.7831
32600,1.8051
32620,1.8576
32640,1.6785
32660,1.7634
32680,1.8309
32700,1.9272
32720,1.8129
32740,1.7629
32760,1.862
32780,1.6613
32800,1.684
32820,1.7885
32840,1.937
32860,1.768
32880,1.983
32900,1.7805
32920,1.8975
32940,1.5874
32960,1.7665
32980,1.8347
33000,1.8309
33020,1.5273
33040,1.6681
33060,1.6478
33080,1.6991
33100,1.576
33120,1.9001
33140,1.7507
33160,1.8754
33180,1.6124
33200,1.6828
33220,1.7132
33240,1.5399
33260,1.6471
33280,1.6309
33300,1.721
33320,1.9339
33340,1.7675
33360,1.6948
33380,1.7242
33400,1.5354
33420,1.6606
33440,1.8561
33460,1.6293
33480,1.7965
33500,1.7404
33520,1.7487
33540,1.9258
33560,1.5916
33580,1.7367
33600,1.8944
33620,1.7931
33640,1.8946
33660,1.745
33680,1.7421
33700,1.9683
33720,1.7381
33740,1.6578
33760,1.7356
33780,1.5499
33800,1.6437
33820,1.66
33840,1.7574
33860,1.8029
33880,1.639
33900,1.8064
33920,1.6779
33940,1.7261
33960,2.015
33980,1.6729
34000,1.6058
34020,1.7872
34040,1.6642
34060,1.6622
34080,1.7182
34100,1.6629
34120,1.6683
34140,1.83
34160,1.6285
34180,1.6576
34200,1.9068
34220,1.8786
34240,1.8478
34260,1.8088
34280,1.4397
34300,1.8087
34320,1.7183
34340,1.9571
34360,1.8118
34380,1.9628
34400,1.8288
34420,1.5696
34440,1.6917
34460,1.6974
34480,1.794
34500,2.006
34520,1.9511
34540,1.6739
34560,1.7564
34580,1.5877
34600,1.7673
34620,1.7884
34640,1.6613
34660,1.7122
34680,1.7115
34700,1.7772
34720,1.8009
34740,1.7388
34760,1.7907
34780,1.905
34800,2.0428
34820,1.6404
34840,1.6572
34860,1.8059
34880,1.6452
34900,1.764
34920,1.8738
34940,1.7011
34960,1.7302
34980,1.7964
35000,1.6951
35020,1.7357
35040,1.4935
35060,1.7659
35080,1.5659
35100,1.6706
35120,1.7343
35140,1.8241
35160,1.7285
35180,1.6996
35200,1.8064
35220,1.7488
35240,1.6375
35260,1.7613
35280,1.808
35300,1.5734
35320,1.9349
35340,1.7189
35360,1.7168
35380,1.9453
35400,1.5818
35420,1.7638
35440,1.8744
35460,1.8422
35480,1.8441
35500,1.6637
35520,1.8048
35540,1.6084
35560,1.5662
35580,1.7123
35600,1.7504
35620,1.5469
35640,1.6603
35660,1.4069
35680,1.7787
35700,1.7983
35720,1.6732
35740,1.6813
35760,1.9228
35780,1.6835
35800,1.693
35820,1.9842
35840,1.5229
35860,1.7783
35880,2.0
35900,1.8358
35920,1.884
35940,1.5755
35960,1.5476
35980,1.7674
36000,1.7955
36020,1.4387
36040,1.953
36060,1.7428
36080,1.8467
36100,1.8975
36120,1.7898
36140,1.7873
36160,1.6696
36180,1.7529
36200,1.7298
36220,1.6861
36240,1.8908
36260,1.622
36280,1.7293
36300,1.8143
36320,1.8315
36340,1.962
36360,1.9945
36380,1.7256
36400,1.7188
36420,1.6837
36440,1.6712
36460,1.7457
36480,1.749
36500,1.5653
36520,1.7917
36540,1.8904
36560,1.8153
36580,1.6442
36600,1.7347
36620,1.4826
36640,1.64
36660,1.8426
36680,1.9021
36700,1.6955
36720,1.9052
36740,1.7003
36760,1.777
36780,1.8868
36800,1.5923
36820,1.9566
36840,1.8489
36860,1.6946
36880,1.6297
36900,1.6218
36920,1.8059
36940,1.7614
36960,1.6908
36980,1.8088
37000,1.5102
37020,1.8958
37040,1.9064
37060,1.8922
37080,1.7925
37100,2.0006
37120,1.7555
37140,1.7086
37160,1.8623
37180,1.7106
37200,1.8429
37220,1.7322
37240,1.849
37260,1.7476
37280,1.6588
37300,1.9605
37320,1.6641
37340,1.851
37360,1.8391
37380,1.6916
37400,1.7802
37420,1.8306
37440,1.6947
37460,1.8317
37480,1.8328
37500,1.9309
37520,1.7321
37540,1.6573
37560,1.8488
37580,1.7784
37600,1.6966
37620,1.9875
37640,1.7096
37660,1.905
37680,1.7459
37700,1.6893
37720,1.6837
37740,1.6494
37760,1.8361
37780,1.7768
37800,1.7997
37820,1.719
37840,1.6895
37860,1.6427
37880,1.9373
37900,1.8115
37920,1.8212
37940,1.6154
37960,1.6253
37980,1.7755
38000,1.7378
38020,1.7415
38040,1.5471
38060,1.7112
38080,1.9421
38100,1.7592
38120,1.7173
38140,1.7208
38160,1.8072
38180,1.7212
38200,1.5824
38220,1.9245
38240,1.7279
38260,1.5985
38280,1.646
38300,1.6601
38320,1.669
38340,1.6886
38360,1.7954
38380,1.7582
38400,1.557
38420,1.8717
38440,1.9395
38460,1.6926
38480,1.7814
38500,1.7823
38520,1.5893
38540,1.5927
38560,1.6822
38580,1.77
38600,1.7744
38620,1.9379
38640,1.8097
38660,1.9259
38680,1.8207
38700,2.0213
38720,1.8645
38740,1.7961
38760,1.7707
38780,1.6738
38800,1.5726
38820,1.8029
38840,1.5898
38860,1.7283
38880,1.7229
38900,1.7846
38920,1.9058
38940,1.9647
38960,1.6462
38980,1.8193
39000,1.841
39020,1.7249
39040,1.8482
39060,1.9243
39080,1.7759
39100,1.8262
39120,1.7574
39140,1.7624
39160,1.431
39180,1.5539
39200,1.7379
39220,1.6354
39240,1.6105
39260,1.7921
39280,1.7588
39300,1.6754
39320,1.7709
39340,1.7554
39360,1.9204
39380,1.6978
39400,1.8093
39420,1.661
39440,1.6351
39460,1.6636
39480,1.6767
39500,1.5981
39520,1.6975
39540,1.7963
39560,1.7477
39580,1.5459
39600,1.7938
39620,1.6877
39640,1.7078
39660,1.7939
39680,1.691
39700,2.0277
39720,1.5517
39740,1.6502
39760,1.7143
39780,1.7493
39800,1.767
39820,1.6742
39840,1.6037
39860,1.6282
39880,1.7525
39900,1.9182
39920,1.7769
39940,1.7196
39960,1.8952
39980,1.5708
40000,1.8165
40020,1.5542
40040,1.783
40060,1.7391
40080,1.7603
40100,1.8967
40120,1.6075
40140,1.8313
40160,1.7836
40180,1.8474
40200,1.8406
40220,1.7741
40240,1.7683
40260,1.6554
40280,1.6932
40300,1.6491
40320,1.7161
40340,1.6899
40360,1.6406
40380,1.7487
40400,1.6537
40420,1.7059
40440,1.8127
40460,1.7498
40480,1.9493
40500,1.7854
40520,1.7683
40540,1.7038
40560,1.496
40580,1.8439
40600,1.7366
40620,1.7382
40640,1.4781
40660,1.9995
40680,1.8216
40700,1.6642
40720,1.749
40740,1.518
40760,1.7487
40780,1.8572
40800,1.7406
40820,1.6827
40840,1.8037
40860,1.4918
40880,1.4906
40900,1.8617
40920,1.6526
40940,1.8489
40960,1.6564
40980,1.5979
41000,1.5681
41020,1.7603
41040,1.5885
41060,1.7032
41080,1.7614
41100,1.6879
41120,1.6861
41140,1.4552
41160,1.707
41180,1.8355
41200,1.6112
41220,1.9254
41240,1.6821
41260,1.6182
41280,1.6786
41300,1.8922
41320,1.9331
41340,1.674
41360,1.5966
41380,1.6662
41400,1.6708
41420,1.8903
41440,1.9039
41460,1.7865
41480,1.8299
41500,1.872
41520,1.7618
41540,1.667
41560,1.8167
41580,1.8377
41600,1.8424
41620,1.8106
41640,1.6977
41660,1.5859
41680,1.6851
41700,1.7149
41720,1.7672
41740,1.6597
41760,1.7803
41780,1.6551
41800,1.7654
41820,1.6694
41840,1.5412
41860,1.7621
41880,1.7493
41900,1.8026
41920,1.6717
41940,1.5842
41960,1.4711
41980,1.7379
42000,1.7322
42020,1.7508
42040,1.7391
42060,1.6823
42080,1.8017
42100,1.5828
42120,1.805
42140,1.705
42160,1.7521
42180,1.6453
42200,1.826
42220,2.032
42240,1.5627
42260,1.7277
42280,1.6972
42300,1.8842
42320,1.7816
42340,1.7259
42360,1.5584
42380,1.676
42400,1.7287
42420,1.5496
42440,1.9818
42460,1.8202
42480,1.7564
42500,1.8107
42520,1.6145
42540,1.6744
42560,1.6075
42580,1.6745
42600,1.8287
42620,1.9046
42640,1.826
42660,1.617
42680,1.8296
42700,1.8447
42720,1.6949
42740,1.7131
42760,1.6158
42780,1.8697
42800,1.7901
42820,1.6225
42840,1.569
42860,1.7283
42880,1.7151
42900,1.8883
42920,1.7464
42940,1.5707
42960,1.843
42980,1.5945
43000,1.8409
43020,1.7587
43040,1.778
43060,1.7482
43080,1.5984
43100,1.6568
43120,1.7299
43140,1.8858
43160,1.7338
43180,1.5044
43200,1.7633
43220,1.842
43240,1.8342
43260,1.7125
43280,1.6284
43300,1.6545
43320,1.852
43340,1.7805
43360,1.7545
43380,1.7286
43400,1.8047
43420,1.7794
43440,1.9418
43460,1.6795
43480,1.8063
43500,1.6993
43520,1.6828
43540,1.5859
43560,1.6722
43580,1.8303
43600,1.9597
43620,1.6169
43640,1.8105
43660,1.6909
43680,1.5557
43700,1.6528
43720,1.7573
43740,1.7363
43760,1.7317
43780,1.7036
43800,1.8892
43820,1.8362
43840,1.7444
43860,1.9324
43880,1.6553
43900,1.6466
43920,1.6388
43940,1.6257
43960,1.7857
43980,1.9176
44000,2.0519
44020,1.9486
44040,1.6233
44060,1.7115
44080,1.8408
44100,1.6231
44120,1.7063
44140,1.7492
44160,1.8277
44180,1.9029
44200,1.7414
44220,1.5947
44240,1.7591
44260,1.8237
44280,1.5794
44300,1.8775
44320,1.5781
44340,1.8188
44360,1.8082
44380,1.7829
44400,1.748
44420,1.6712
44440,1.8231
44460,1.9089
44480,1.5583
44500,1.6573
44520,1.7074
44540,1.6276
44560,1.5656
44580,1.6511
44600,1.8355
44620,1.5553
44640,1.8183
44660,1.7357
44680,1.8468
44700,1.756
44720,1.8032
44740,1.9608
44760,1.7891
44780,1.8506
44800,1.565
44820,1.8829
44840,1.5433
44860,1.8443
44880,1.8433
44900,1.5383
44920,1.8057
44940,1.7878
44960,1.8238
44980,1.7331
45000,1.5513
45020,2.109
45040,1.7579
45060,1.7169
45080,1.7959
45100,1.5887
45120,1.8612
45140,1.8618
45160,1.8202
45180,1.67
45200,1.8649
45220,1.7462
45240,1.7601
45260,1.6189
45280,1.732
45300,1.5329
45320,1.6629
45340,1.9134
45360,1.8705
45380,1.7451
45400,1.8079
45420,1.6821
45440,1.6964
45460,1.6684
45480,1.6699
45500,1.7343
45520,1.6919
45540,1.6323
45560,1.7607
45580,1.6874
45600,1.9258
45620,1.7225
45640,1.8254
45660,1.8441
45680,1.9036
45700,1.9189
45720,1.8461
45740,1.6113
45760,1.6075
45780,1.7328
45800,1.7332
45820,1.7119
45840,1.5916
45860,1.8835
45880,1.6939
45900,1.5472
45920,1.9006
45940,1.5427
45960,1.6869
45980,1.7684
46000,1.7988
46020,1.7332
46040,1.565
46060,1.7435
46080,1.6611
46100,1.8106
46120,1.7687
46140,1.5617
46160,1.8273
46180,1.7813
46200,1.6721
46220,1.7074
46240,1.7786
46260,1.6677
46280,1.747
46300,1.8184
46320,1.6623
46340,1.7836
46360,1.7676
46380,1.7528
46400,1.6867
46420,1.7787
46440,1.6493
46460,1.8526
46480,1.8958
46500,1.5167
46520,1.5728
46540,1.7356
46560,1.5802
46580,1.7667
46600,1.7904
46620,1.6902
46640,1.5962
46660,1.7181
46680,1.6399
46700,1.7287
46720,1.6582
46740,1.6326
46760,1.7945
46780,1.8103
46800,1.6528
46820,1.7083
46840,2.0432
46860,1.6611
46880,1.7458
46900,1.7933
46920,1.8544
46940,1.6052
46960,1.6777
46980,1.8027
47000,1.7964
47020,1.7043
47040,1.6932
47060,1.6779
47080,1.7894
47100,1.9853
47120,1.8994
47140,1.695
47160,1.8576
47180,1.5876
47200,1.6262
47220,1.6715
47240,1.7422
47260,1.677
47280,1.8806
47300,1.7902
47320,1.7502
47340,1.7384
47360,1.5667
47380,1.784
47400,1.8342
47420,1.8154
47440,2.0176
47460,1.6716
47480,1.7185
47500,1.8531
47520,1.6449
47540,1.6378
47560,1.8045
47580,1.6557
47600,1.5989
47620,1.6779
47640,1.6708
47660,1.8198
47680,1.4094
47700,1.6636
47720,1.7947
47740,1.8188
47760,1.7018
47780,1.814
47800,1.6483
47820,1.636
47840,1.4373
47860,1.7226
47880,1.8768
47900,1.7036
47920,1.8812
47940,1.6926
47960,1.7152
47980,1.6661
48000,1.8144
48020,1.6992
48040,2.0841
48060,1.5264
48080,1.7715
48100,1.6658
48120,1.6144
48140,1.7586
48160,1.838
48180,1.7048
48200,1.8384
48220,1.5462
48240,1.6115
48260,1.8272
48280,1.6206
48300,1.7444
48320,1.776
48340,1.7074
48360,1.8384
48380,1.6002
48400,1.7438
48420,1.8384
48440,1.5835
48460,1.9719
48480,1.6329
48500,1.4961
48520,1.3075
48540,1.7016
48560,1.6722
48580,1.7253
48600,1.565
48620,1.8663
48640,1.6861
48660,1.7996
48680,1.5466
48700,1.4982
48720,1.6066
48740,1.7069
48760,1.7485
48780,1.7503
48800,1.7481
48820,1.6573
48840,2.0522
48860,1.7344
48880,1.7405
48900,1.6186
48920,1.791
48940,1.9106
48960,1.7144
48980,1.8525
49000,1.6813
49020,1.5492
49040,1.7442
49060,1.5896
49080,2.05
49100,1.8736
49120,1.8877
49140,1.7226
49160,1.655
49180,1.6449
49200,1.7652
49220,1.6977
49240,1.7116
49260,1.5783
49280,1.9442
49300,1.7242
49320,1.8671
49340,1.5876
49360,1.8464
49380,1.9405
49400,1.7806
49420,1.7727
49440,1.7335
49460,1.5608
49480,1.8335
49500,1.7504
49520,1.7639
49540,1.8753
49560,1.699
49580,1.888
49600,1.9014
49620,2.0261
49640,1.6907
49660,1.7381
49680,1.8035
49700,1.6248
49720,1.6284
49740,1.7171
49760,1.7604
49780,1.7351
49800,1.8186
49820,1.7426
49840,1.6728
49860,1.9136
49880,1.8602
49900,1.648
49920,1.8193
49940,1.7691
49960,1.2649
49980,1.7185
50000,1.6841
50020,1.6917
50040,1.9224
50060,1.6459
50080,1.617
50100,1.7336
50120,1.8016
50140,1.7027
50160,1.6542
50180,1.7785
50200,1.722
50220,1.6682
50240,1.7017
50260,1.5516
50280,1.634
50300,1.4885
50320,1.8311
50340,1.6988
50360,1.8688
50380,1.6145
50400,1.8363
50420,1.8117
50440,1.7957
50460,1.5708
50480,1.8411
50500,1.7367
50520,1.5888
50540,1.8162
50560,1.6204
50580,1.5305
50600,1.6485
50620,1.7385
50640,1.6991
50660,1.803
50680,1.5786
50700,1.8226
50720,1.7176
50740,1.8695
50760,1.7246
50780,1.7138
50800,1.6704
50820,1.7717
50840,1.8176
50860,1.9182
50880,1.8486
50900,1.7443
50920,1.756
50940,1.4828
50960,1.586
50980,1.685
51000,1.6483
51020,1.6236
51040,1.5795
51060,1.8788
51080,1.56
51100,1.816
51120,1.5643
51140,1.74
51160,1.7748
51180,1.551
51200,1.6916
51220,1.7735
51240,1.4932
51260,1.7665
51280,1.5905
51300,1.6929
51320,1.8221
51340,1.6039
51360,1.7124
51380,1.6477
51400,1.7732
51420,1.7342
51440,1.7897
51460,1.5891
51480,1.9942
51500,1.641
51520,1.6074
51540,1.8512
51560,1.7968
51580,1.5226
51600,1.57
51620,1.7898
51640,1.6817
51660,1.6668
51680,1.8017
51700,1.6229
51720,1.6661
51740,1.8199
51760,1.7184
51780,1.6943
51800,1.6976
51820,1.9313
51840,1.6368
51860,1.7736
51880,1.4359
51900,1.804
51920,1.8099
51940,1.7534
51960,1.6431
51980,1.7804
52000,1.6836
52020,1.7483
52040,1.891
52060,1.8931
52080,1.7987
52100,1.5154
52120,1.9112
52140,1.7877
52160,1.8044
52180,1.8717
52200,1.6506
52220,1.7096
52240,1.9586
52260,1.8626
52280,1.6777
52300,1.7934
52320,1.7083
52340,1.7556
52360,1.7885
52380,1.5774
52400,1.6881
52420,1.789
52440,1.811
52460,1.6447
52480,1.8333
52500,1.7389
52520,1.632
52540,1.7299
52560,1.6366
52580,1.7404
52600,1.597
52620,1.5896
52640,1.5715
52660,1.766
52680,1.5918
52700,1.767
52720,1.8264
52740,1.5929
52760,1.8587
52780,1.6157
52800,1.8921
52820,1.5092
52840,1.7532
52860,1.8028
52880,1.7193
52900,1.8661
52920,1.7322
52940,1.6342
52960,1.708
52980,1.6889
53000,1.8825
53020,1.9457
53040,1.7117
53060,1.6505
53080,1.6465
53100,1.7106
53120,1.6293
53140,1.9461
53160,1.6708
53180,1.7989
53200,1.8176
53220,1.7874
53240,1.4868
53260,1.7665
53280,1.7544
53300,1.719
53320,1.838
53340,1.8485
53360,1.9603
53380,1.7008
53400,1.6433
53420,1.7817
53440,1.9665
53460,1.7306
53480,1.568
53500,1.6886
53520,1.83
53540,1.7629
53560,1.9564
53580,1.7508
53600,1.7795
53620,1.9884
53640,1.5192
53660,1.7993
53680,1.8479
53700,1.692
53720,1.7055
53740,1.5825
53760,1.7754
53780,1.8361
53800,1.5753
53820,1.8889
53840,1.8859
53860,1.5224
53880,1.7746
53900,1.6502
53920,1.5422
53940,1.6419
53960,1.7472
53980,1.4269
54000,1.7082
54020,1.7193
54040,1.8005
54060,1.6458
54080,1.6344
54100,1.6473
54120,1.6374
54140,1.676
54160,1.5862
54180,1.7606
54200,1.7785
54220,1.6587
54240,1.581
54260,1.6241
54280,1.8527
54300,1.6768
54320,1.6529
54340,1.7543
54360,1.7712
54380,1.8369
54400,1.6915
54420,1.5691
54440,1.7775
54460,1.685
54480,1.8454
54500,1.6327
54520,1.8378
54540,1.8453
54560,1.7635
54580,1.8171
54600,1.6304
54620,1.6089
54640,1.8771
54660,1.5124
54680,1.7954
54700,1.5917
54720,1.7397
54740,1.6979
54760,1.5999
54780,1.7855
54800,1.9476
54820,1.8353
54840,1.7181
54860,1.7744
54880,1.874
54900,1.7424
54920,1.765
54940,1.6117
54960,1.6728
54980,1.8242
55000,1.6997
55020,1.5708
55040,1.8071
55060,1.5467
55080,1.9019
55100,1.602
55120,1.7459
55140,1.7185
55160,1.556
55180,1.88
55200,1.7131
55220,1.7615
55240,1.5542
55260,1.8528
55280,1.7445
55300,1.6528
55320,1.678
55340,1.7872
55360,1.877
55380,1.6392
55400,1.599
55420,1.663
55440,1.7471
55460,1.6101
55480,1.8025
55500,1.8328
55520,1.63
55540,1.7589
55560,1.5564
55580,1.7713
55600,1.7533
55620,1.7288
55640,1.7709
55660,1.8546
55680,1.8411
55700,1.6332
55720,1.8288
55740,1.7839
55760,1.8905
55780,1.7379
55800,1.7379
55820,1.6872
55840,1.598
55860,1.8506
55880,1.709
55900,1.7405
55920,1.5789
55940,1.7507
55960,1.7636
55980,1.7497
56000,1.9048
56020,1.6998
56040,1.6089
56060,1.7386
56080,1.7536
56100,1.7693
56120,1.6788
56140,1.6748
56160,1.5577
56180,1.4905
56200,1.7327
56220,1.5509
56240,1.6325
56260,1.738
56280,1.7886
56300,1.8118
56320,1.9251
56340,1.7834
56360,1.4246
56380,1.7641
56400,1.7099
56420,1.743
56440,1.8623
56460,1.8008
56480,1.8019
56500,1.6212
56520,1.7196
56540,1.5513
56560,1.598
56580,1.8036
56600,1.876
56608,1.6954